{
    "number_of_channels": 4,
    "patch_size": 64,
    "augmented": false,
    "augmentation_type": "",
    "batch_size": 32,
    "model_type": "simple",
    "learning_rate": 0.001,
    "number_of_epochs": 30,
    "dropout_rate": 0,
    "early_stopping": false,
    "lr_scheduling": false,
    "pixel_accuracy": 0.9461488127708435,
    "dice_coefficient": 0.5588828921318054,
    "precision": 0.7148969173431396,
    "specificity": 0.9852373600006104,
    "recall": 0.4606364369392395,
    "iou": 0.38953259587287903
}