{
    "number_of_channels": 4,
    "patch_size": 32,
    "augmented": false,
    "augmentation_type": "",
    "batch_size": 32,
    "model_type": "simple",
    "learning_rate": 0.001,
    "number_of_epochs": 30,
    "dropout_rate": 0.2,
    "early_stopping": true,
    "lr_scheduling": true,
    "pixel_accuracy": 0.9516721963882446,
    "dice_coefficient": 0.5611504912376404,
    "precision": 0.7505317330360413,
    "specificity": 0.9888354539871216,
    "recall": 0.45114511251449585,
    "iou": 0.39227160811424255
}