{
    "number_of_channels": 4,
    "patch_size": 64,
    "augmented": false,
    "augmentation_type": "",
    "batch_size": 32,
    "model_type": "simple",
    "learning_rate": 0.001,
    "number_of_epochs": 30,
    "dropout_rate": 0,
    "early_stopping": true,
    "lr_scheduling": true,
    "pixel_accuracy": 0.9463340640068054,
    "dice_coefficient": 0.5596499443054199,
    "precision": 0.717487633228302,
    "specificity": 0.9854617118835449,
    "recall": 0.46039140224456787,
    "iou": 0.3901226222515106
}