{
    "number_of_channels": 4,
    "patch_size": 32,
    "augmented": false,
    "augmentation_type": "",
    "batch_size": 64,
    "model_type": "simple",
    "learning_rate": 0.001,
    "number_of_epochs": 50,
    "dropout_rate": 0.2,
    "early_stopping": true,
    "lr_scheduling": true,
    "pixel_accuracy": 0.9519304037094116,
    "dice_coefficient": 0.5721221566200256,
    "precision": 0.7404513359069824,
    "specificity": 0.9877180457115173,
    "recall": 0.4693484306335449,
    "iou": 0.4029496908187866
}