{
    "number_of_channels": 4,
    "patch_size": 64,
    "augmented": false,
    "augmentation_type": "",
    "batch_size": 32,
    "model_type": "simple",
    "learning_rate": 0.001,
    "number_of_epochs": 30,
    "dropout_rate": 0.2,
    "early_stopping": true,
    "lr_scheduling": true,
    "pixel_accuracy": 0.9445205926895142,
    "dice_coefficient": 0.5444095134735107,
    "precision": 0.697472095489502,
    "specificity": 0.9844481348991394,
    "recall": 0.4485150873661041,
    "iou": 0.3759077787399292
}