{
    "number_of_channels": 4,
    "patch_size": 32,
    "augmented": false,
    "augmentation_type": "",
    "batch_size": 32,
    "model_type": "simple",
    "learning_rate": 0.001,
    "number_of_epochs": 100,
    "dropout_rate": 0.2,
    "early_stopping": true,
    "lr_scheduling": true,
    "pixel_accuracy": 0.9516519904136658,
    "dice_coefficient": 0.5674682259559631,
    "precision": 0.7407788038253784,
    "specificity": 0.9879097938537598,
    "recall": 0.463058739900589,
    "iou": 0.39838001132011414
}