{
    "number_of_channels": 4,
    "patch_size": 32,
    "augmented": false,
    "augmentation_type": "",
    "batch_size": 32,
    "model_type": "simple",
    "learning_rate": 0.001,
    "number_of_epochs": 30,
    "dropout_rate": 0,
    "early_stopping": false,
    "lr_scheduling": false,
    "pixel_accuracy": 0.9514351487159729,
    "dice_coefficient": 0.548987865447998,
    "precision": 0.7630359530448914,
    "specificity": 0.9900016188621521,
    "recall": 0.432096928358078,
    "iou": 0.38076868653297424
}