{
    "number_of_channels": 4,
    "patch_size": 32,
    "augmented": false,
    "augmentation_type": "",
    "batch_size": 32,
    "model_type": "simple",
    "learning_rate": 0.001,
    "number_of_epochs": 30,
    "dropout_rate": 0,
    "early_stopping": true,
    "lr_scheduling": true,
    "pixel_accuracy": 0.9508402347564697,
    "dice_coefficient": 0.5519347786903381,
    "precision": 0.742506742477417,
    "specificity": 0.9886181950569153,
    "recall": 0.4421122372150421,
    "iou": 0.38333651423454285
}