{
    "number_of_channels": 4,
    "patch_size": 32,
    "augmented": false,
    "augmentation_type": "",
    "batch_size": 32,
    "model_type": "unet",
    "learning_rate": 0.001,
    "number_of_epochs": 30,
    "dropout_rate": 0.2,
    "early_stopping": true,
    "lr_scheduling": true,
    "pixel_accuracy": 0.9473583102226257,
    "dice_coefficient": 0.5115342140197754,
    "precision": 0.711579442024231,
    "specificity": 0.9879106283187866,
    "recall": 0.4026155173778534,
    "iou": 0.34591659903526306
}