{
    "number_of_channels": 4,
    "patch_size": 256,
    "augmented": false,
    "augmentation_type": "",
    "batch_size": 8,
    "model_type": "unet",
    "learning_rate": 0.001,
    "number_of_epochs": 50,
    "dropout_rate": 0.2,
    "early_stopping": true,
    "lr_scheduling": true,
    "pixel_accuracy": 0.8045567274093628,
    "dice_coefficient": 0.42211484909057617,
    "precision": 0.27305954694747925,
    "specificity": 0.79388028383255,
    "recall": 0.9300003051757812,
    "iou": 0.2675356864929199
}